layer,head,matrix,rows,cols,effective_rank,stable_rank,energy_pr,k90,k99,rank_fp64,rank_fp32
0,0,Q,768,64,62.76208614678489,42.59819044871949,58.46832437564656,52,61,64,64
0,0,K,768,64,63.18221400398781,19.82848943577723,56.118405361879404,54,63,64,64
0,0,V,768,64,61.1562155078379,7.259082060798772,29.37165620756994,51,62,64,64
0,0,O,64,768,60.10687475038781,10.183814898726878,35.33446784924221,47,62,64,64
0,0,QK,768,768,61.79532845991451,31.041531630450258,53.13051358522609,50,61,64,64
0,0,OV,768,768,56.17275459494773,5.114489318842928,15.955432370090062,40,60,64,64
0,1,Q,768,64,63.3078805758113,41.486016414602545,59.617545592652284,53,63,64,64
0,1,K,768,64,63.2189731047951,35.86608713623209,59.50419955480789,54,62,64,64
0,1,V,768,64,62.86920972660866,29.684466636380794,56.04332865808236,54,63,64,64
0,1,O,64,768,60.13991819575688,20.875246107000365,43.699233133091234,45,61,64,64
0,1,QK,768,768,61.94271988122297,31.94045950468526,53.664826483111185,50,61,64,64
0,1,OV,768,768,58.80951217788977,16.324361788618635,37.97289176102851,43,60,64,64
0,2,Q,768,64,62.74965820706212,39.696022823093756,57.93350134640884,52,61,64,64
0,2,K,768,64,63.01693397402579,21.14478085443853,56.07739878121751,53,63,64,64
0,2,V,768,64,62.45682234834238,13.135152677140953,47.21769224862697,53,63,64,64
0,2,O,64,768,59.19031888470228,13.152559737275542,35.27011815923038,45,61,64,64
0,2,QK,768,768,61.598076473809634,31.758238638247455,52.487116836453886,49,61,64,64
0,2,OV,768,768,57.29948645588219,6.972513672356874,23.82016326135385,41,60,64,64
0,3,Q,768,64,63.132285873084186,31.281304025602985,57.72950960818452,53,63,64,64
0,3,K,768,64,60.28002582442862,10.08412371074069,28.219802741935066,50,63,64,64
0,3,V,768,64,63.03875216251131,29.532280191002123,57.655503861635765,54,62,64,64
0,3,O,64,768,61.16819505234133,20.604698331920506,47.91939669704675,48,61,64,64
0,3,QK,768,768,57.92396653823595,6.588593039242425,17.451791640324043,46,62,64,64
0,3,OV,768,768,60.2345577545684,19.295193553938425,44.920644172386716,46,60,64,64
0,4,Q,768,64,63.44376846113798,34.23166195971022,59.74370156998796,55,63,64,64
0,4,K,768,64,61.73042212106298,13.267755226791003,38.48767422030448,53,63,64,64
0,4,V,768,64,63.40957116611371,27.7512231110502,59.3030597435396,55,63,64,64
0,4,O,64,768,61.839829377511165,21.51265124948169,50.14025100187353,50,62,64,64
0,4,QK,768,768,60.106225704323386,8.454078009058478,25.92528022683173,49,62,64,64
0,4,OV,768,768,60.96968065505284,16.143132735772788,45.4945013200858,47,61,64,64
0,5,Q,768,64,62.70478280898506,38.66964829501937,57.02420796248677,51,62,64,64
0,5,K,768,64,62.97918070308781,26.632358659275518,57.52788274398525,53,62,64,64
0,5,V,768,64,63.19600784435852,31.66646938250081,58.35806918887836,54,63,64,64
0,5,O,64,768,60.58836000996612,22.620178610744965,45.22220631064936,46,61,64,64
0,5,QK,768,768,61.78955147981757,32.48385170755702,54.0502397851144,50,61,64,64
0,5,OV,768,768,59.49706895248903,21.157234285722637,41.45682104333403,44,61,64,64
0,6,Q,768,64,62.68029217231648,27.785735219192567,55.6152681686815,51,62,64,64
0,6,K,768,64,62.202708027253955,12.232684853376496,44.838705824847615,52,63,64,64
0,6,V,768,64,61.76290031786897,13.523241190421032,43.24519162186034,51,62,64,64
0,6,O,64,768,59.35782183156905,7.3039885972714025,26.408954500515335,46,62,64,64
0,6,QK,768,768,60.46849042700117,14.765205322711488,41.13552733858473,47,61,64,64
0,6,OV,768,768,55.541204584785554,3.3272036746193523,9.528327879457791,40,60,64,64
0,7,Q,768,64,63.499042753612834,32.26241014188927,60.277140207749,55,63,64,64
0,7,K,768,64,60.96885837385445,10.485875031595059,30.038744472031002,52,63,64,64
0,7,V,768,64,62.705164998450535,25.86167987149905,56.12400830642534,52,62,64,64
0,7,O,64,768,60.20774676531806,17.309685248864803,41.212498867097025,47,61,64,64
0,7,QK,768,768,58.87691020875365,6.509414576110641,17.964693789604883,49,62,64,64
0,7,OV,768,768,60.35280999657506,15.087976240171852,41.93394458671998,46,61,64,64
0,8,Q,768,64,63.06466163617767,38.05088219393278,58.3167576443051,53,62,64,64
0,8,K,768,64,62.62806197631742,15.233277244538428,50.96658863430759,52,63,64,64
0,8,V,768,64,61.184352483014834,10.578897030922608,38.17961590372637,49,62,64,64
0,8,O,64,768,56.71133092833898,9.05489838917454,23.842115795881238,41,60,64,64
0,8,QK,768,768,61.76957168069601,30.354118632712677,51.78540670155895,49,62,64,64
0,8,OV,768,768,50.62607642696908,2.947551543955517,7.255557849492874,32,57,64,64
0,9,Q,768,64,63.36458856286305,35.361157287691896,59.6140436039287,54,63,64,64
0,9,K,768,64,62.63036488188153,11.24509213180901,45.43588857700509,53,63,64,64
0,9,V,768,64,61.27734494429395,14.386537314344917,43.46087475446168,50,62,64,64
0,9,O,64,768,51.92022746732134,7.098810956162966,17.07511970526948,33,56,64,64
0,9,QK,768,768,61.9857507295359,13.954667614457842,47.87553494311014,50,62,64,64
0,9,OV,768,768,48.441871119935705,4.547449116260888,11.526949935662838,27,54,64,64
0,10,Q,768,64,63.56061410555309,25.377839418142486,59.7258714672975,56,63,64,64
0,10,K,768,64,62.077739051838485,9.160522150379517,36.99141008260436,54,63,64,64
0,10,V,768,64,62.1359222407511,17.713745875853483,47.08772178250423,53,63,64,64
0,10,O,64,768,58.583956395484165,7.479894693107591,26.967165679783605,44,61,64,64
0,10,QK,768,768,62.128910629068635,11.983378492134865,42.358907437163374,54,63,64,64
0,10,OV,768,768,54.552153559086335,5.635328275363957,16.689329148764113,37,59,64,64
0,11,Q,768,64,58.01275671278329,12.69736171257225,35.28525660198589,42,58,64,64
0,11,K,768,64,58.92178631761201,18.99501751929934,42.827822356181755,44,57,64,64
0,11,V,768,64,59.87461999909201,5.9966288209214,23.34565015453149,48,62,64,64
0,11,O,64,768,49.12917052005552,5.33650085405342,11.108032305053523,28,57,64,64
0,11,QK,768,768,50.144811665962926,7.068867231709545,19.459817403925186,32,50,64,64
0,11,OV,768,768,44.43262014394123,5.375817071256185,10.141956417512198,20,52,64,64
1,0,Q,768,64,62.952683566834224,31.93589337865773,57.98715421275301,53,62,64,64
1,0,K,768,64,63.13815905702345,30.24238856680649,57.6957883995116,53,63,64,64
1,0,V,768,64,63.41751333922466,32.020610833332015,59.55759045507754,54,63,64,64
1,0,O,64,768,63.10352395548287,19.45044838036584,55.84411288765886,54,63,64,64
1,0,QK,768,768,61.783545140274796,18.146639721360785,48.36891343363087,50,62,64,64
1,0,OV,768,768,62.898011837712865,21.05623669144761,54.81789937049525,53,63,64,64
1,1,Q,768,64,61.82151984690455,20.263377575186674,48.53824638052785,50,62,64,64
1,1,K,768,64,61.315475988858445,20.30788345158824,45.41198285886447,49,62,64,64
1,1,V,768,64,62.36006393910946,23.888509543575708,53.80231922354571,52,61,64,64
1,1,O,64,768,61.71848528205102,20.404042577817627,49.20288048031622,50,61,64,64
1,1,QK,768,768,57.83537053573495,12.295999085002297,31.367103755301308,43,59,64,64
1,1,OV,768,768,59.76649782822559,15.947663837988156,41.86617602040336,46,60,64,64
1,2,Q,768,64,54.83326390206234,7.050308528692033,17.798809923965837,41,58,64,64
1,2,K,768,64,58.99307705451825,9.426889327201,33.26906115490682,46,58,64,64
1,2,V,768,64,61.765886149884096,21.508036677203123,50.17379913311668,49,61,64,64
1,2,O,64,768,56.0077145005995,7.14558538929653,18.378500417229713,43,59,64,64
1,2,QK,768,768,44.09626342244054,3.9179261109651837,7.784436539060304,23,51,64,64
1,2,OV,768,768,52.79301394446786,5.426685219629787,13.787518209371918,37,55,64,64
1,3,Q,768,64,54.15249732851469,7.8811462151262885,19.22938951634516,39,57,64,64
1,3,K,768,64,58.72572858758298,9.704606149465572,31.932332646458278,45,58,64,64
1,3,V,768,64,62.46012006094954,20.26161660212316,52.60032399999822,52,62,64,64
1,3,O,64,768,57.30410043130987,6.815151610130838,18.83441992469377,47,61,64,64
1,3,QK,768,768,44.2124999155572,3.5309191275020746,8.296976179703268,24,50,64,64
1,3,OV,768,768,53.27519778641329,6.075242116251259,13.840228541827623,38,59,64,64
1,4,Q,768,64,56.19989389365612,8.95527564206514,22.803237713554516,43,57,64,64
1,4,K,768,64,58.45139096960533,9.405513168114867,31.257056280578794,45,57,64,64
1,4,V,768,64,62.104903015772585,18.816859180278644,50.73848759147701,51,61,64,64
1,4,O,64,768,60.76788839375623,9.211258342048986,33.827601674184805,50,62,64,64
1,4,QK,768,768,45.86696603322655,3.575813544375843,8.236210416343718,27,51,64,64
1,4,OV,768,768,57.637935743812676,10.01858774413955,27.058798140285553,43,60,64,64
1,5,Q,768,64,62.50328169324976,25.869559936322204,55.81677913079698,52,61,64,64
1,5,K,768,64,62.913525779914934,33.63028060739506,57.91432049783527,53,62,64,64
1,5,V,768,64,63.253197934314585,27.51387907581357,58.00872909961539,54,63,64,64
1,5,O,64,768,60.308626676211105,4.4731833909609975,16.31333587837203,51,63,64,64
1,5,QK,768,768,60.71344372016018,23.587187166417664,49.060224353539894,48,60,64,64
1,5,OV,768,768,58.98264724371061,3.9759361709780197,13.346552656817774,48,62,64,64
1,6,Q,768,64,62.71811196137575,21.643517027852734,55.49329465152901,53,62,64,64
1,6,K,768,64,63.09134036160238,30.691511199381704,58.590589598699374,53,62,64,64
1,6,V,768,64,63.40415945422849,35.6541227828408,59.619500456946085,54,63,64,64
1,6,O,64,768,62.75452758389354,14.32768727222818,49.19479125623153,54,63,64,64
1,6,QK,768,768,61.38849257726632,23.112779990881236,50.95918370124814,50,60,64,64
1,6,OV,768,768,62.32546550803159,12.789787114978065,45.983354273269384,53,63,64,64
1,7,Q,768,64,60.94342524025387,14.910294179864664,40.72073411068861,50,62,64,64
1,7,K,768,64,62.02973184200879,17.757632580653492,49.2942670051802,51,62,64,64
1,7,V,768,64,62.100772652753214,30.557375245547068,54.02194490492786,51,61,64,64
1,7,O,64,768,62.08621246609782,20.058310542229123,49.58590013225007,51,62,64,64
1,7,QK,768,768,56.82035984484126,11.14386162783105,26.232076607738673,42,59,64,64
1,7,OV,768,768,58.984036328300846,17.469868440906367,39.76111443223189,44,59,64,64
1,8,Q,768,64,47.58617444048469,7.4008914139711965,16.420670295256894,25,50,64,64
1,8,K,768,64,48.097054931006305,6.498870093305598,16.034186837961624,28,49,64,64
1,8,V,768,64,62.290964864782566,21.225108739760337,51.49147612039498,51,62,64,64
1,8,O,64,768,53.054626457610624,5.65119035653066,10.680783442080617,41,61,64,64
1,8,QK,768,768,28.354918515200293,4.426423810206009,7.22737586889638,10,27,64,64
1,8,OV,768,768,48.66869359133588,3.6334310612249867,7.501861335006685,31,57,64,64
1,9,Q,768,64,49.531778811482724,7.627797876485922,18.80498511373205,29,50,64,64
1,9,K,768,64,49.95657111825267,6.113266691834721,16.80066486083985,31,51,64,64
1,9,V,768,64,62.141549274351874,22.739614397042544,51.688934000789374,51,62,64,64
1,9,O,64,768,51.56975050182366,3.7700016519071955,7.869288117631307,38,61,64,64
1,9,QK,768,768,30.296385980005105,2.592330106709033,5.114734041239288,11,31,64,64
1,9,OV,768,768,47.6012648891736,2.3861024650016973,4.892631586159022,28,57,64,64
1,10,Q,768,64,54.00628036410335,8.752111134746155,18.434693297031334,40,57,64,64
1,10,K,768,64,58.18821809395877,7.183425704278351,26.231512447417376,45,57,64,64
1,10,V,768,64,61.77102613406785,14.721812387709782,46.95602107143196,51,61,64,64
1,10,O,64,768,54.438491492958526,4.935843641862291,13.355553852873895,42,59,64,64
1,10,QK,768,768,43.26772708667626,3.181802169531026,6.958521932202951,22,50,64,64
1,10,OV,768,768,48.795473689035056,4.874415575113684,9.789352702091236,32,56,64,64
1,11,Q,768,64,62.791906807218595,20.504421782629127,55.18842210558865,53,62,64,64
1,11,K,768,64,62.94183166178149,19.25724514684324,54.669670256186464,54,62,64,64
1,11,V,768,64,62.88501574227353,36.38538367513675,57.4682867873175,52,62,64,64
1,11,O,64,768,55.63988163371531,3.332883380344132,7.770116099224412,46,62,64,64
1,11,QK,768,768,60.580870053552694,10.134881399316289,37.4138091422884,50,61,64,64
1,11,OV,768,768,57.92365648117877,3.9678328605810735,11.60900704802282,47,61,64,64
2,0,Q,768,64,61.92442113457341,17.630589737913755,47.62451528647103,51,62,64,64
2,0,K,768,64,61.98977833182665,28.675252460289556,54.59409160173659,49,61,64,64
2,0,V,768,64,63.01239354661947,27.95202801389141,56.963498070517566,53,62,64,64
2,0,O,64,768,61.924117417316324,13.360537887386515,46.07591986374121,53,62,64,64
2,0,QK,768,768,58.89315110223519,12.825589413256118,39.25072033030894,44,58,64,64
2,0,OV,768,768,60.55441685809567,12.275876444760843,39.972849351236725,49,61,64,64
2,1,Q,768,64,61.08488404010741,17.501032347377176,44.684162088108955,49,61,64,64
2,1,K,768,64,60.97222765404559,17.62236818775112,45.83722533228848,48,61,64,64
2,1,V,768,64,62.426931248376434,28.899116702593744,53.62598326248118,51,62,64,64
2,1,O,64,768,62.79338125526989,15.50223792322188,51.90728103667282,53,63,64,64
2,1,QK,768,768,54.80857261909957,8.460635814456527,24.030072787548587,37,57,64,64
2,1,OV,768,768,60.143844966266734,16.076504584084773,42.48017058780299,46,61,64,64
2,2,Q,768,64,62.98820607838206,26.7908875791448,56.24687990959731,54,63,64,64
2,2,K,768,64,61.487653895338696,15.502089859631205,42.47555582666328,51,63,64,64
2,2,V,768,64,63.45962936888138,38.23433437411968,60.04354554858777,55,63,64,64
2,2,O,64,768,63.240567804820856,18.033384958882234,55.44864557027037,55,63,64,64
2,2,QK,768,768,59.47069383924852,12.0579443375536,31.535172477370917,47,62,64,64
2,2,OV,768,768,62.903326979547366,16.38775772320335,52.53765413742183,54,63,64,64
2,3,Q,768,64,62.58436721986532,20.641349899412113,52.26787534305772,53,63,64,64
2,3,K,768,64,61.15068665409489,17.21177264555845,42.65477906106951,49,62,64,64
2,3,V,768,64,63.36039691909811,34.88549336022595,59.17565247868307,54,63,64,64
2,3,O,64,768,62.3476912908776,18.367279821872078,50.97648175999064,53,62,64,64
2,3,QK,768,768,58.87974730150556,10.55321238185687,31.438186226507383,45,61,64,64
2,3,OV,768,768,61.66968167465738,16.999151084611015,47.60256767987741,51,61,64,64
2,4,Q,768,64,63.14601691267918,36.03190432956636,59.23158696907552,53,62,64,64
2,4,K,768,64,63.224941763198714,39.816201147237834,58.71518483213025,54,63,64,64
2,4,V,768,64,63.626899612167115,43.157666604029984,61.27162269753135,55,63,64,64
2,4,O,64,768,63.54023306109082,21.57606329668764,58.74770009549825,56,63,64,64
2,4,QK,768,768,62.033935340216914,32.68462016416904,52.78607990161264,50,62,64,64
2,4,OV,768,768,63.12076481602553,22.563404420130155,56.4797483778638,54,63,64,64
2,5,Q,768,64,62.73227975905212,20.949951278593872,52.9785262774722,53,63,64,64
2,5,K,768,64,61.247091257137015,14.437242984240084,40.89212625475552,50,63,64,64
2,5,V,768,64,63.10945865520015,30.966513272873282,57.21222327194655,54,63,64,64
2,5,O,64,768,61.8461617315547,13.496439120121433,45.712105469332364,52,61,64,64
2,5,QK,768,768,59.23406793438649,11.83312501603621,31.842185464837264,46,62,64,64
2,5,OV,768,768,60.8812397446352,14.012757100392324,42.872392663099355,49,61,64,64
2,6,Q,768,64,58.705298798406886,11.425851326445667,34.86073099426624,45,59,64,64
2,6,K,768,64,60.45728085625365,20.29895969035817,47.43914744353647,47,59,64,64
2,6,V,768,64,62.51697133096887,25.160536628758493,52.70903925041743,52,63,64,64
2,6,O,64,768,61.6545536683811,17.615838836028644,48.3684103974367,51,61,64,64
2,6,QK,768,768,52.761404902046415,9.378239335607086,23.927133938921692,36,53,64,64
2,6,OV,768,768,58.5997532035895,10.937291747901606,32.029699959038375,46,60,64,64
2,7,Q,768,64,57.83947716182789,9.54414197740552,31.16208187788121,45,56,64,64
2,7,K,768,64,57.73066046473232,7.293971203981141,28.20048796169473,44,56,64,64
2,7,V,768,64,62.193704355924076,21.117464725340465,52.279592314244,50,62,64,64
2,7,O,64,768,56.707043703050154,6.849382985458813,20.674330157460876,43,58,64,64
2,7,QK,768,768,48.606413191164506,2.975018045245824,7.451363627549253,34,52,64,64
2,7,OV,768,768,55.7689444027938,6.062266830655306,20.988118691572648,41,56,64,64
2,8,Q,768,64,62.964518053472354,23.20053599447708,55.66749236669767,54,62,64,64
2,8,K,768,64,62.29974295593795,21.302373163283065,50.00558266021254,52,63,64,64
2,8,V,768,64,63.44021218550788,33.99357015672619,59.651119908017456,55,63,64,64
2,8,O,64,768,63.039857729772855,26.10408122147978,56.86962709824104,54,63,64,64
2,8,QK,768,768,61.171076720240656,12.383016274477571,41.11396212532233,49,62,64,64
2,8,OV,768,768,62.527539069772935,22.81778533282001,53.190785174874314,52,63,64,64
2,9,Q,768,64,62.66646375823784,19.062740350787763,51.73196505912742,53,63,64,64
2,9,K,768,64,60.759592449572686,16.193780100083337,39.513536734978544,49,62,64,64
2,9,V,768,64,63.12649314361387,29.22503471572906,56.914376093135814,54,63,64,64
2,9,O,64,768,62.69582600895096,25.317975878216842,54.55775943474456,53,62,64,64
2,9,QK,768,768,57.83381567005378,9.383443139838091,26.026459768109582,44,61,64,64
2,9,OV,768,768,61.46156633315079,20.15736339851258,46.890941329768545,50,62,64,64
2,10,Q,768,64,59.609677114437844,9.741709182248428,31.416641797351343,47,62,64,64
2,10,K,768,64,60.27358182245984,8.991433695621618,32.80392161209844,48,61,64,64
2,10,V,768,64,61.910753635000034,20.18673169915707,49.06504819008199,51,62,64,64
2,10,O,64,768,60.25639409531033,7.581022398391464,29.714012834921483,49,61,64,64
2,10,QK,768,768,55.00055070224412,7.768254206685742,22.08353964560961,38,58,64,64
2,10,OV,768,768,57.26396399762984,7.271234923592642,24.45146754379333,43,59,64,64
2,11,Q,768,64,56.515621268102805,8.438551214436531,26.461715725333324,43,55,64,64
2,11,K,768,64,58.55983056339345,17.35082320830464,45.08235089037987,44,55,64,64
2,11,V,768,64,62.90804653680639,36.34868533705249,57.49700729452277,52,62,64,64
2,11,O,64,768,59.32280349092936,11.168100710329476,30.187718313357465,49,61,64,64
2,11,QK,768,768,50.01105950722876,5.928117150222377,15.661340784283652,37,51,64,64
2,11,OV,768,768,57.958348166882935,11.60490058678718,29.271430826640014,45,59,64,64
3,0,Q,768,64,62.91193635257647,21.90211280210535,54.11327955117797,54,63,64,64
3,0,K,768,64,62.89091728088315,19.165551301575782,53.32766368597783,54,63,64,64
3,0,V,768,64,62.066613724487574,23.066955454073714,50.26631719827378,51,62,64,64
3,0,O,64,768,62.07550915496915,10.399584599157949,41.58063689721779,53,62,64,64
3,0,QK,768,768,60.781744311897704,8.888733284682548,32.940775363474174,50,63,64,64
3,0,OV,768,768,59.03435922953548,8.860920702076585,30.276712930438972,45,61,64,64
3,1,Q,768,64,62.00315040509687,26.182627161314514,52.765005427809996,51,61,64,64
3,1,K,768,64,62.57117077508155,26.881170725635315,54.045634234333015,52,63,64,64
3,1,V,768,64,63.05676732402568,29.298525181009627,57.02875345471666,53,63,64,64
3,1,O,64,768,63.0548068061187,20.233041587797715,55.38813626991511,54,63,64,64
3,1,QK,768,768,58.83914491341177,15.870625303749252,38.72387532138169,44,59,64,64
3,1,OV,768,768,61.81461395838299,18.810448932912532,47.18919880539712,51,63,64,64
3,2,Q,768,64,62.077200611307894,21.35243667765257,50.94619234626241,52,61,64,64
3,2,K,768,64,62.23317469169237,20.187452001292876,49.920231554914466,52,63,64,64
3,2,V,768,64,63.260662069567545,32.2728511700157,58.45299376566986,54,63,64,64
3,2,O,64,768,63.315639973021014,20.15562510737673,56.745159021446625,55,64,64,64
3,2,QK,768,768,58.674887306046124,10.068611527344565,28.738459429821827,45,62,64,64
3,2,OV,768,768,62.5601124708473,18.499023903509762,51.60125122462493,53,63,64,64
3,3,Q,768,64,62.565504602383655,27.701990256446823,55.22011730634777,52,61,64,64
3,3,K,768,64,63.178714686367144,29.321759731932822,57.439540863627286,54,63,64,64
3,3,V,768,64,63.244145285198236,30.924838068655617,58.65660777911063,54,63,64,64
3,3,O,64,768,63.281862957588864,16.495958276138424,54.75805118085181,55,63,64,64
3,3,QK,768,768,60.62464802171648,17.623489247493744,42.9306393873499,48,61,64,64
3,3,OV,768,768,62.96256117423389,17.159414528878198,53.417954724382675,54,63,64,64
3,4,Q,768,64,63.00018225593135,27.827076049241413,56.65761524068648,53,62,64,64
3,4,K,768,64,62.95487246615035,24.99802051911388,56.392455398459575,53,62,64,64
3,4,V,768,64,62.63063134665121,30.184692355182037,55.29510560488502,52,62,64,64
3,4,O,64,768,62.64852360596084,21.007223498389124,53.76238607744806,53,62,64,64
3,4,QK,768,768,61.433773008510975,18.971350131577502,47.068603612753726,50,61,64,64
3,4,OV,768,768,60.58400079703525,15.07356414585716,42.25739167527587,48,61,64,64
3,5,Q,768,64,61.93147678383389,23.545176505030526,51.639113232446995,51,61,64,64
3,5,K,768,64,61.99227308188555,26.789717019652826,53.71315773288986,50,61,64,64
3,5,V,768,64,63.07549599358593,30.681680395389918,56.94440449162145,54,63,64,64
3,5,O,64,768,63.277140359249294,28.72546443949902,58.18414724050867,54,63,64,64
3,5,QK,768,768,58.687207112691624,16.560040534125694,40.81792585062995,45,58,64,64
3,5,OV,768,768,61.50124441715129,21.5046843929169,47.003913205056215,50,62,64,64
3,6,Q,768,64,62.09424931685767,23.029881167295272,52.24680201292187,52,61,64,64
3,6,K,768,64,62.50248746004668,22.507911475981366,52.170927379231365,52,63,64,64
3,6,V,768,64,63.22801602630796,36.429210102357125,58.46063380114525,54,63,64,64
3,6,O,64,768,63.13428748543689,23.724117612850865,56.48269679276109,55,63,64,64
3,6,QK,768,768,59.136556009038614,9.479297444773458,31.349867649049862,45,61,64,64
3,6,OV,768,768,62.33679055149217,19.88014627968596,50.9731661044267,52,63,64,64
3,7,Q,768,64,61.98968311480544,21.958268790829862,49.57352870615675,52,61,64,64
3,7,K,768,64,62.17970083879416,21.177790394683615,49.50462539336289,52,63,64,64
3,7,V,768,64,62.94795515035562,25.44869930483372,55.670049809143485,53,63,64,64
3,7,O,64,768,63.159268724575156,25.89968201473466,57.23216913055583,54,63,64,64
3,7,QK,768,768,58.02194731169425,10.131973891094287,27.072962680670273,45,62,64,64
3,7,OV,768,768,61.9459412627398,16.728932714655045,47.316737784173185,52,63,64,64
3,8,Q,768,64,62.46341239329682,26.35754430647024,54.2453229006105,52,61,64,64
3,8,K,768,64,62.98629429508528,25.338069589236156,55.64754991243843,54,63,64,64
3,8,V,768,64,62.848109481365896,27.521974084313968,55.05038790828346,53,63,64,64
3,8,O,64,768,62.91136588695178,16.933281034500062,52.71606250861042,54,63,64,64
3,8,QK,768,768,60.48101850552473,15.260705343409647,39.05136243988216,48,62,64,64
3,8,OV,768,768,61.519355491886444,14.465071592100923,43.689738570287005,51,63,64,64
3,9,Q,768,64,62.3367289692883,29.312017537530128,56.140821586093665,52,60,64,64
3,9,K,768,64,63.096259216981444,30.901122554371554,57.58518371032329,53,63,64,64
3,9,V,768,64,63.36412379489863,36.41841428380808,59.52004766238519,54,63,64,64
3,9,O,64,768,63.20706000479077,20.62164019976522,56.38193816564066,55,63,64,64
3,9,QK,768,768,60.44734153515493,18.68622620309757,45.99370083758088,48,59,64,64
3,9,OV,768,768,63.001747263784395,23.95033146771927,56.022329952027526,53,63,64,64
3,10,Q,768,64,61.92325918861977,30.54755198369456,53.427545912121474,49,61,64,64
3,10,K,768,64,62.048378627884304,30.16120713869055,54.630453745720665,49,61,64,64
3,10,V,768,64,63.11622056535016,35.08279924893537,58.53900715582435,53,62,64,64
3,10,O,64,768,62.73174455686417,14.763079022666236,49.41207754115496,54,63,64,64
3,10,QK,768,768,58.62144197980884,21.0719204520018,45.5620218112926,44,56,64,64
3,10,OV,768,768,62.02953127898346,13.715322373573503,46.29455840773641,52,62,64,64
3,11,Q,768,64,62.355827461478,28.193355272772195,55.26926584845314,52,61,64,64
3,11,K,768,64,62.96513305928451,24.687385891170205,55.4885715437304,53,63,64,64
3,11,V,768,64,63.44486961879646,37.631724037510054,59.92063008901863,55,63,64,64
3,11,O,64,768,63.51770803225394,26.0953142660435,59.43586427931592,56,64,64,64
3,11,QK,768,768,60.3143472789449,12.649599550388555,39.623750261967274,47,60,64,64
3,11,OV,768,768,62.96755733558159,25.814422343154686,55.69738829141514,54,63,64,64
4,0,Q,768,64,62.20289069119936,24.002813829473318,52.17457525741494,51,61,64,64
4,0,K,768,64,62.878886590345665,25.662871734202632,55.02008210212138,53,63,64,64
4,0,V,768,64,63.15215161205482,30.790463316553314,57.46201580676771,54,63,64,64
4,0,O,64,768,63.49765909236792,28.01960843988718,59.616556351971965,55,63,64,64
4,0,QK,768,768,59.26375159451921,13.708516949621757,35.75594351213693,45,60,64,64
4,0,OV,768,768,62.517116510440744,23.45066433237099,52.38017956731591,53,63,64,64
4,1,Q,768,64,62.42301051229566,29.271526471298273,55.28499153206512,52,61,64,64
4,1,K,768,64,63.01830658996694,27.426819989870783,56.30080864022654,53,63,64,64
4,1,V,768,64,63.11082573625962,31.12852736529048,57.211437347426,54,63,64,64
4,1,O,64,768,63.283516145135906,20.217632153514423,56.548926175157185,55,63,64,64
4,1,QK,768,768,60.22566851354833,14.976254868089974,41.29908547776945,47,60,64,64
4,1,OV,768,768,62.03169112281078,16.56328121149267,47.863368298704295,51,63,64,64
4,2,Q,768,64,62.42473862330984,28.830145110022144,55.2128643459447,51,61,64,64
4,2,K,768,64,62.165150085205674,24.605805651026266,53.97508488695045,51,61,64,64
4,2,V,768,64,62.71863138679731,21.836334245378218,53.491256885158705,53,63,64,64
4,2,O,64,768,63.23955145561802,28.25966559842836,57.5856224538773,54,63,64,64
4,2,QK,768,768,59.52030581109205,17.894683647840214,43.816186703100676,46,58,64,64
4,2,OV,768,768,61.25297507564516,17.18439465120182,44.07038288942282,49,63,64,64
4,3,Q,768,64,61.79277304610052,21.71149957820967,50.176718127217946,51,61,64,64
4,3,K,768,64,62.60877937430361,22.440614477446193,52.8015495261977,53,63,64,64
4,3,V,768,64,63.05820067619605,33.27380758326799,57.02678621158851,53,63,64,64
4,3,O,64,768,63.34192356981757,22.152681993452916,57.39909983343908,55,63,64,64
4,3,QK,768,768,58.28041797916521,9.671919470449286,30.487842913021726,44,59,64,64
4,3,OV,768,768,61.998682802512526,20.432196442878354,48.94797469347437,51,63,64,64
4,4,Q,768,64,63.019264367896206,36.37110305551511,58.41742871563162,53,62,64,64
4,4,K,768,64,62.4970420406343,31.950098427734936,57.337886636449035,52,61,64,64
4,4,V,768,64,63.21842105404538,33.1812978205039,58.09877722870185,54,63,64,64
4,4,O,64,768,62.8772832016955,12.587991780205408,48.11550299296713,55,63,64,64
4,4,QK,768,768,60.929499528064596,28.558164017077495,51.846849938977805,49,59,64,64
4,4,OV,768,768,61.79162317107385,12.529973077151977,43.646358500867244,51,63,64,64
4,5,Q,768,64,62.53752901812458,26.746983613057886,55.3578697645675,52,61,64,64
4,5,K,768,64,62.99387609755404,30.396414802261376,56.750871116744804,53,63,64,64
4,5,V,768,64,63.29582850773129,36.19547736452432,59.027555206302964,54,63,64,64
4,5,O,64,768,63.45388848801466,21.9016924973862,58.28832977575729,55,63,64,64
4,5,QK,768,768,60.36141315386524,20.66896149643167,44.89466977774516,47,60,64,64
4,5,OV,768,768,62.73453042284872,21.705057387580666,54.21513199053105,53,63,64,64
4,6,Q,768,64,62.834839716649256,25.064418321894763,55.73709730570804,53,62,64,64
4,6,K,768,64,63.28941797255638,33.47894868039671,58.71143568533838,54,63,64,64
4,6,V,768,64,63.05023561817614,31.126265488160364,56.67610699762002,54,63,64,64
4,6,O,64,768,62.869504377712325,28.336989532696585,55.442491871125675,53,63,64,64
4,6,QK,768,768,61.39341324694969,16.905633550702756,47.29970869507175,49,61,64,64
4,6,OV,768,768,60.953421980074076,17.979134313614022,43.63588410766094,49,62,64,64
4,7,Q,768,64,62.363381194772444,25.172256907985037,55.14787839276814,52,61,64,64
4,7,K,768,64,62.96990187826281,28.861623249128776,57.00831341272216,53,62,64,64
4,7,V,768,64,63.515262977997175,35.97992926136685,60.1022375413873,55,63,64,64
4,7,O,64,768,62.408101017846,7.613022361691613,33.702107870089456,55,63,64,64
4,7,QK,768,768,60.381958374962956,17.429736245464312,45.08726796713333,48,60,64,64
4,7,OV,768,768,62.17645971060755,7.661585011518979,33.41754320867349,54,63,64,64
4,8,Q,768,64,63.01352065783713,25.02223577727252,56.58475970507307,54,63,64,64
4,8,K,768,64,62.52744174407166,28.276539311400064,56.0044774405801,52,61,64,64
4,8,V,768,64,62.9664046751227,31.293147152499472,56.39561054514142,53,63,64,64
4,8,O,64,768,63.05894178468411,17.81172132212592,54.30422963805846,54,63,64,64
4,8,QK,768,768,60.98583896072071,19.359144752439878,46.69106191218533,48,60,64,64
4,8,OV,768,768,61.16922600366981,15.611514171049688,44.18548718546412,49,62,64,64
4,9,Q,768,64,62.377598489600956,27.289557985296454,55.050917440578814,52,61,64,64
4,9,K,768,64,62.93375796684026,29.859632298188668,56.7343403126913,53,63,64,64
4,9,V,768,64,63.33371771820615,37.57037297637895,59.25701769241004,54,63,64,64
4,9,O,64,768,63.31947053828013,23.363845100158148,57.283467841968964,55,63,64,64
4,9,QK,768,768,60.19517664929859,18.576194466356014,44.68809333766281,47,59,64,64
4,9,OV,768,768,62.70920555189712,25.495138460673235,54.22936575355038,53,63,64,64
4,10,Q,768,64,62.72916126087588,26.73020254497048,55.200832027241574,53,62,64,64
4,10,K,768,64,62.3749118262034,28.311528336177812,55.60699652999919,52,61,64,64
4,10,V,768,64,62.97188036767206,28.94208565998202,56.23331640503004,53,63,64,64
4,10,O,64,768,62.94047233332373,22.067952204574585,55.15341054403221,54,63,64,64
4,10,QK,768,768,60.28882261278358,17.781666483367243,44.419751983846666,48,59,64,64
4,10,OV,768,768,61.23804742195766,18.41883512828361,45.06662220326182,50,62,64,64
4,11,Q,768,64,60.588921366843444,18.719724763527275,42.756638166433405,47,62,64,64
4,11,K,768,64,59.96172106634619,14.439678948672197,39.61240266800557,46,62,64,64
4,11,V,768,64,62.850960859544976,23.034414701990627,54.24835551097061,54,63,64,64
4,11,O,64,768,62.62355936941448,11.083627518396337,44.759812391715606,53,63,64,64
4,11,QK,768,768,52.64396513211132,8.647338133410102,21.278331484576874,33,57,64,64
4,11,OV,768,768,62.3241077997576,18.16411778459164,49.19269576205887,52,63,64,64
5,0,Q,768,64,63.009995101458166,34.25216019683319,57.25848931411096,53,63,64,64
5,0,K,768,64,62.763954775417766,32.24678103703943,56.07039314157606,52,62,64,64
5,0,V,768,64,62.88575970161135,30.169925336963754,56.42057144446788,53,63,64,64
5,0,O,64,768,62.874825677925834,14.860257958022933,50.95125376303505,54,63,64,64
5,0,QK,768,768,60.55090320802973,24.47240727321949,45.65893959284386,46,61,64,64
5,0,OV,768,768,61.86951536205679,16.739154777101167,47.60294925610524,51,62,64,64
5,1,Q,768,64,63.321121718022965,37.7944620831121,59.47837183856255,54,63,64,64
5,1,K,768,64,63.12433307264546,33.9008932983417,58.79167821750584,53,62,64,64
5,1,V,768,64,62.4479807877885,21.49158482250525,53.30111030817465,52,62,64,64
5,1,O,64,768,63.200130677254556,20.497251929561113,56.51794381002688,54,63,64,64
5,1,QK,768,768,61.6284343389194,28.966540063922245,51.3741202392422,49,61,64,64
5,1,OV,768,768,62.15820708008401,24.02458751313808,51.18537654971856,51,62,64,64
5,2,Q,768,64,62.33564261191069,26.357692270572706,53.198494078964174,52,62,64,64
5,2,K,768,64,62.61090390863737,27.70084301547074,54.225528158507025,52,63,64,64
5,2,V,768,64,63.4001138543128,36.65885028968545,59.68218119131147,55,63,64,64
5,2,O,64,768,63.501732232217186,27.884397653819093,59.4277017475198,55,63,64,64
5,2,QK,768,768,59.28013332352186,14.81439326278019,38.764937001623075,44,60,64,64
5,2,OV,768,768,62.938181797164454,28.848420200347363,56.08091284251063,53,63,64,64
5,3,Q,768,64,62.25256552431814,23.105510964995304,52.19579127993621,51,62,64,64
5,3,K,768,64,62.78297415579646,23.922948535205222,54.58655832599951,53,63,64,64
5,3,V,768,64,62.65874716118225,25.694535412359762,53.79388443396009,53,63,64,64
5,3,O,64,768,63.06629534050588,24.643207797843232,56.1702737011185,54,63,64,64
5,3,QK,768,768,59.68210310861716,12.101877540093481,36.996562069339404,46,61,64,64
5,3,OV,768,768,60.88849024070688,20.24366194909857,43.50023642280574,48,62,64,64
5,4,Q,768,64,62.532171337082595,24.24340471546758,53.69057376549992,52,62,64,64
5,4,K,768,64,63.10371132756072,31.236094758177067,57.40515370317649,53,63,64,64
5,4,V,768,64,62.82129841564236,27.096973078201096,55.19899878324453,53,63,64,64
5,4,O,64,768,63.35823174764893,23.33065420110207,57.60092923000999,55,63,64,64
5,4,QK,768,768,60.73316239631855,18.955855709290653,44.23698573589308,47,61,64,64
5,4,OV,768,768,61.75017781628696,16.853070223589384,46.06523854927918,51,63,64,64
5,5,Q,768,64,63.16061327669979,28.928852647464495,57.98014631492104,53,63,64,64
5,5,K,768,64,61.8502662798953,24.23693305681609,54.12949396952362,50,60,64,64
5,5,V,768,64,61.972907381203555,26.51538598696821,51.71264324973341,51,61,64,64
5,5,O,64,768,62.70830168335095,18.741581557384585,53.46495159941222,53,62,64,64
5,5,QK,768,768,60.183305863247995,18.385831106782028,46.26802792890924,46,60,64,64
5,5,OV,768,768,60.64669205604316,19.25440721256229,43.19263549119086,48,62,64,64
5,6,Q,768,64,62.46985118749236,22.66703422005554,54.06944340659339,52,61,64,64
5,6,K,768,64,62.93696107837923,34.1508216098519,58.34383173535747,53,62,64,64
5,6,V,768,64,62.69615962546566,24.29876067701432,53.600937612473686,53,62,64,64
5,6,O,64,768,63.30098298385836,21.878525121478766,57.02721683138437,55,63,64,64
5,6,QK,768,768,60.81549714466853,20.293164679823686,49.076593566853745,49,59,64,64
5,6,OV,768,768,62.41351149172848,16.070696309332043,48.76058938798607,53,63,64,64
5,7,Q,768,64,62.5631195892916,28.302385845469274,55.88639183997361,52,61,64,64
5,7,K,768,64,62.90208476878325,32.74691831753188,57.50819056184977,52,62,64,64
5,7,V,768,64,63.261168638243625,29.76725110471737,58.75537059516693,54,63,64,64
5,7,O,64,768,63.41680729456048,21.857420986218102,58.10410436903011,55,63,64,64
5,7,QK,768,768,60.832555358782976,23.703781064148515,49.5404620795261,49,59,64,64
5,7,OV,768,768,63.172823841690395,28.5738265205054,57.920380389480336,54,63,64,64
5,8,Q,768,64,63.29776506497263,37.394440209541386,59.5199357714831,54,63,64,64
5,8,K,768,64,62.88525621504408,39.8393665912065,59.0639318473225,53,61,64,64
5,8,V,768,64,62.92995477806419,31.181163620144684,56.35571372733428,53,63,64,64
5,8,O,64,768,63.08023702907002,28.628727521591895,57.03097213357129,54,63,64,64
5,8,QK,768,768,61.60940702399031,31.231420664250926,53.74786294719522,50,60,64,64
5,8,OV,768,768,62.03257300178926,23.04092338283483,49.43974530622065,51,63,64,64
5,9,Q,768,64,62.46473871126032,24.15038445657669,51.970468292615806,52,63,64,64
5,9,K,768,64,62.58064791913289,29.559114713979614,56.17590394639585,52,61,64,64
5,9,V,768,64,61.86351586227035,25.081001810517193,51.006472826108684,50,61,64,64
5,9,O,64,768,61.049504617888005,21.59996966657561,51.014130443240624,50,60,64,64
5,9,QK,768,768,61.059009610080466,19.50864668443065,45.63138453572373,48,61,64,64
5,9,OV,768,768,57.3927639264201,15.166160536576319,35.19757110353871,42,57,64,64
5,10,Q,768,64,62.63402616883302,19.379518799798497,52.459872694856564,53,63,64,64
5,10,K,768,64,62.712686937300184,22.770498387556863,54.90708817012353,52,62,64,64
5,10,V,768,64,62.97274281259989,29.1887258046306,56.33264500223484,53,63,64,64
5,10,O,64,768,63.26676888980609,24.642674394384585,57.449179692823904,55,63,64,64
5,10,QK,768,768,61.311543060244944,15.564168917146723,44.45444492433532,50,62,64,64
5,10,OV,768,768,61.852625095647724,21.43156766723078,48.11505363288368,51,63,64,64
5,11,Q,768,64,63.0596399480873,33.11217684910207,58.43431973748956,53,62,64,64
5,11,K,768,64,62.38921386193097,33.10869109346278,57.277600879870896,52,60,64,64
5,11,V,768,64,63.36132715942155,31.40822649836595,59.37669349148538,54,63,64,64
5,11,O,64,768,63.036412013064094,12.259591041922842,48.56773131958485,55,63,64,64
5,11,QK,768,768,61.028643278612876,24.2346031992344,52.2368397771753,50,59,64,64
5,11,OV,768,768,62.571596933687964,14.83771932485213,50.00706110256125,52,63,64,64
6,0,Q,768,64,62.10413357745517,22.393240893318033,51.58156675825618,51,61,64,64
6,0,K,768,64,62.841479553953505,24.29345575282248,54.85007085657106,53,63,64,64
6,0,V,768,64,63.13080341929397,34.75857618738243,57.80815204142841,53,63,64,64
6,0,O,64,768,62.91096156582883,15.148712850576207,51.544509146187465,54,63,64,64
6,0,QK,768,768,59.472627179245464,12.600663886687874,36.463180178081345,46,60,64,64
6,0,OV,768,768,61.82882764581123,18.398066623173783,47.568719015674766,51,63,64,64
6,1,Q,768,64,62.77285000295241,32.90311033539719,57.30023084458505,53,61,64,64
6,1,K,768,64,62.9906518854949,33.75386108878404,57.84738339246129,53,62,64,64
6,1,V,768,64,63.268281485729744,34.598536439587434,58.721211764865366,54,63,64,64
6,1,O,64,768,63.48191765335566,24.71774172774218,59.09344490617638,55,63,64,64
6,1,QK,768,768,61.009447375836324,25.44033726733568,50.22356195357264,49,60,64,64
6,1,OV,768,768,62.91772589344946,24.242899901790306,55.20621624470502,53,63,64,64
6,2,Q,768,64,62.23299774612892,24.08903584956605,51.7586164317657,51,62,64,64
6,2,K,768,64,61.91450005512207,31.3621064541368,54.1124667378262,50,60,64,64
6,2,V,768,64,62.23483756647402,22.592092163532477,50.84056048909297,52,62,64,64
6,2,O,64,768,62.124864388591476,19.403155152807514,48.96209388246619,52,63,64,64
6,2,QK,768,768,59.26596006090341,19.177193723986175,42.15700165169467,45,58,64,64
6,2,OV,768,768,57.959503246370105,9.670684512170038,28.41014088530282,44,61,64,64
6,3,Q,768,64,62.76715601582639,27.89730987925655,56.08391097550474,53,62,64,64
6,3,K,768,64,62.653929123685394,29.85040312275071,55.78546388434773,52,62,64,64
6,3,V,768,64,63.116389233598426,34.28827606191325,57.676246891615335,54,63,64,64
6,3,O,64,768,63.34465960454508,25.142239009552238,58.389216948863876,54,63,64,64
6,3,QK,768,768,60.48634151150916,21.101303287642523,46.01957708344859,47,60,64,64
6,3,OV,768,768,62.195884193800715,23.095292149574725,51.091550549667204,51,63,64,64
6,4,Q,768,64,62.80842490547373,21.218604137793093,54.258513619886806,53,62,64,64
6,4,K,768,64,62.40539672019787,21.769562061091396,53.60190059949456,52,62,64,64
6,4,V,768,64,63.090289119251125,25.163340306855858,56.58775161793232,54,63,64,64
6,4,O,64,768,63.429034976089206,31.839869941379384,59.27190898255233,55,63,64,64
6,4,QK,768,768,60.825362762650215,16.764094199504633,43.32787518361868,49,61,64,64
6,4,OV,768,768,61.84449143032553,18.602527661998668,46.973337593212534,51,63,64,64
6,5,Q,768,64,62.93122857012745,29.554272374373774,56.690336975624746,53,62,64,64
6,5,K,768,64,62.93371675710981,32.70740971498211,57.051043486177676,52,63,64,64
6,5,V,768,64,63.40641837903574,37.944517314210316,59.72618405142378,54,63,64,64
6,5,O,64,768,63.55308085350533,30.75785862045424,60.082165798116165,56,64,64,64
6,5,QK,768,768,61.4827177896326,24.49525800193461,50.6810959036506,49,60,64,64
6,5,OV,768,768,62.64633138675532,26.537273579391396,54.120776553569335,52,63,64,64
6,6,Q,768,64,63.08965060239144,31.797802772123063,57.4707265654806,54,63,64,64
6,6,K,768,64,62.89918441619103,32.75623633211001,57.53373243461825,52,62,64,64
6,6,V,768,64,63.07193164365412,33.3357624045103,57.02878765921479,54,63,64,64
6,6,O,64,768,63.045075714660356,19.977894697074284,55.08053257652859,54,63,64,64
6,6,QK,768,768,61.573172701137494,25.67312835582492,50.35595869837629,49,61,64,64
6,6,OV,768,768,61.62838495253991,20.56634934184699,46.73478549090682,50,63,64,64
6,7,Q,768,64,62.38812339471308,26.652555671323643,53.08371177287156,52,62,64,64
6,7,K,768,64,62.63152575453545,25.041204674927044,53.84355274456012,52,63,64,64
6,7,V,768,64,62.78310916770976,21.825309232265138,53.04358514380001,54,63,64,64
6,7,O,64,768,62.982656683772724,21.612776922340196,53.79176617307237,54,63,64,64
6,7,QK,768,768,59.993842426260876,17.272426397718633,40.684782894572024,47,60,64,64
6,7,OV,768,768,59.97338682958525,8.793548971993145,27.568197989385638,49,63,64,64
6,8,Q,768,64,62.85345465066044,25.61259624483293,55.8986605491984,53,62,64,64
6,8,K,768,64,63.16597404997866,33.61971703418647,57.89078880262366,54,63,64,64
6,8,V,768,64,63.04345161724856,29.307659601031958,57.010008550156115,54,63,64,64
6,8,O,64,768,63.276161564603484,22.080838482912675,56.89724471332556,55,63,64,64
6,8,QK,768,768,61.307766375867985,19.7787459053834,47.930879152063994,49,61,64,64
6,8,OV,768,768,62.17919613661802,20.545433771924273,49.74147858660467,52,63,64,64
6,9,Q,768,64,63.435635395318364,34.45708583102499,59.897642168134865,54,63,64,64
6,9,K,768,64,62.735401033479754,22.59284063501755,55.43226337980739,52,62,64,64
6,9,V,768,64,62.990023621850796,27.63119136525993,56.31223680113621,54,63,64,64
6,9,O,64,768,63.44699617891714,27.63644843321834,59.75822509022537,55,63,64,64
6,9,QK,768,768,61.36562023244579,17.292678132185976,48.06479574290813,48,61,64,64
6,9,OV,768,768,62.730398073312514,25.85103580069103,54.404814253643366,53,63,64,64
6,10,Q,768,64,62.748382517032894,25.31750638343692,54.80891639895659,53,62,64,64
6,10,K,768,64,62.41887178895554,24.11778571422395,52.63699458888383,52,62,64,64
6,10,V,768,64,62.44519825162048,23.904086828228664,52.54748665795528,52,63,64,64
6,10,O,64,768,62.86851939712961,18.480729964767754,53.36082718157774,54,63,64,64
6,10,QK,768,768,59.96280144985821,12.17717103314285,36.893922993810605,47,61,64,64
6,10,OV,768,768,59.74455331540554,10.037267135066623,34.12854538410437,47,62,64,64
6,11,Q,768,64,62.36611666724593,23.881623779277795,53.07467707525077,52,61,64,64
6,11,K,768,64,62.91218722321978,26.271610185647848,55.542468775324046,53,63,64,64
6,11,V,768,64,63.370662845522226,34.9843699678429,59.395557102140565,54,63,64,64
6,11,O,64,768,63.483146983269606,23.928521437451,59.05018281461569,55,63,64,64
6,11,QK,768,768,60.207639196173254,14.148316978261274,40.25804076914357,47,60,64,64
6,11,OV,768,768,63.036651616885294,27.631989172525287,56.68351474257032,53,63,64,64
7,0,Q,768,64,62.6965557321177,24.36469631697063,53.9552063160992,53,62,64,64
7,0,K,768,64,63.349417348578136,35.599787644288675,59.11031802213343,54,63,64,64
7,0,V,768,64,62.905500278963096,24.657491292959175,55.60625158977119,53,63,64,64
7,0,O,64,768,63.002453848770834,12.083962113874074,48.02352610776805,55,63,64,64
7,0,QK,768,768,61.4499617241327,19.601273399940638,47.37567904506942,49,61,64,64
7,0,OV,768,768,61.82900920537294,11.93806290370473,42.654359105895345,51,63,64,64
7,1,Q,768,64,63.10411715232737,22.514146695086126,56.262224555143156,54,63,64,64
7,1,K,768,64,62.80100144556246,32.35502372878321,57.9041589376638,53,61,64,64
7,1,V,768,64,63.2566495584923,30.55911085959329,58.113001012933225,54,63,64,64
7,1,O,64,768,63.2210513676496,19.200465574972597,56.01346213871612,55,63,64,64
7,1,QK,768,768,61.805095523351895,18.90588682224993,49.36328437639726,50,61,64,64
7,1,OV,768,768,62.206494959683354,17.544166537071142,48.877986309066415,52,63,64,64
7,2,Q,768,64,63.403812316681794,34.63172524487848,59.533786712845455,54,63,64,64
7,2,K,768,64,62.61898534238654,29.659732819469816,57.90097107676591,53,61,64,64
7,2,V,768,64,63.51346630570499,34.01856115313326,60.28785752521117,55,63,64,64
7,2,O,64,768,63.45107432384162,21.308431868948432,58.33598055460971,55,63,64,64
7,2,QK,768,768,61.5192509517222,24.103926507135697,50.641330656618756,50,61,64,64
7,2,OV,768,768,63.13008605535298,27.94902675776985,57.568105523666766,53,63,64,64
7,3,Q,768,64,62.93720953905951,28.93852311838481,56.52117200818204,53,62,64,64
7,3,K,768,64,63.14013726545377,33.67330239897577,58.167805573708925,53,63,64,64
7,3,V,768,64,62.98700959055754,32.548742040751264,57.5133531469961,53,62,64,64
7,3,O,64,768,63.345414205960445,23.82106579679556,57.90542566107516,55,63,64,64
7,3,QK,768,768,61.61300818539192,25.219235512707932,50.71833335216897,49,61,64,64
7,3,OV,768,768,62.2718135837625,23.086471999969113,51.27113868695711,52,63,64,64
7,4,Q,768,64,62.51400642616111,24.862912372072714,54.54307152091604,52,61,64,64
7,4,K,768,64,62.94201338661567,30.020626635141667,56.47055785300658,53,63,64,64
7,4,V,768,64,63.068422356088305,28.941278520383573,56.736216515759224,54,63,64,64
7,4,O,64,768,63.29764101707829,24.988561122418798,58.35746811854353,54,63,64,64
7,4,QK,768,768,60.57450604256237,17.285352387753157,44.76064440436853,48,60,64,64
7,4,OV,768,768,62.19119065241908,23.663405992646275,50.55426269737014,51,63,64,64
7,5,Q,768,64,62.84187671195672,22.187973896452423,55.00740653125265,53,62,64,64
7,5,K,768,64,62.6456187779326,28.682874951921434,56.62646870992148,52,61,64,64
7,5,V,768,64,63.344429947444105,31.03278153622115,59.22809391335051,54,63,64,64
7,5,O,64,768,63.47665695737732,20.04802270775209,57.75332693567836,56,64,64,64
7,5,QK,768,768,60.984206323055105,19.41238999097515,46.96279704003323,49,60,64,64
7,5,OV,768,768,62.784150979693166,22.906712683552005,54.01423260373993,53,63,64,64
7,6,Q,768,64,62.87313794905832,27.33586653451448,55.12779594233709,53,63,64,64
7,6,K,768,64,62.47286785847728,28.917316098515126,55.7732273702662,51,61,64,64
7,6,V,768,64,62.48235964555921,23.949111481074652,53.04751545455641,52,62,64,64
7,6,O,64,768,62.70352485657184,14.877119205740504,50.86741789619048,53,63,64,64
7,6,QK,768,768,61.686242144769984,24.85776436789658,50.159016411288654,50,61,64,64
7,6,OV,768,768,60.224282753055704,8.18802388790682,31.481378752370013,48,62,64,64
7,7,Q,768,64,63.302083164203104,26.02536351994355,58.22926709640497,54,63,64,64
7,7,K,768,64,62.04135019708917,27.911496388244863,55.419445702561276,52,60,64,64
7,7,V,768,64,63.25736178212246,32.97944636600705,58.40130802972417,54,63,64,64
7,7,O,64,768,63.39003123687571,19.576587146360595,57.05607667172702,55,63,64,64
7,7,QK,768,768,60.90112156118644,24.772267992559193,49.08052642676723,49,60,64,64
7,7,OV,768,768,62.62831393571596,20.939249999554455,52.89489476379663,53,63,64,64
7,8,Q,768,64,62.29724120224242,20.819338572593054,51.796951521498194,52,61,64,64
7,8,K,768,64,63.03012102371565,29.956291023872282,56.910366139853245,53,63,64,64
7,8,V,768,64,63.396733329065405,36.03833527878365,59.807467567862574,54,63,64,64
7,8,O,64,768,63.48602483216396,23.562264371844243,58.94916729966328,55,63,64,64
7,8,QK,768,768,60.37610235488732,15.57949489520961,41.960150109805234,48,60,64,64
7,8,OV,768,768,63.04713881276185,22.943415474915135,56.20248643252028,53,63,64,64
7,9,Q,768,64,62.61960405409205,28.287394777421387,55.530390168696684,52,61,64,64
7,9,K,768,64,63.15697039144455,34.181985364596116,58.13821067704232,53,63,64,64
7,9,V,768,64,63.1844612724354,32.510544143603084,57.89275064182197,54,63,64,64
7,9,O,64,768,63.391964250850734,26.92031147282085,58.74762271735227,55,63,64,64
7,9,QK,768,768,61.231969537255225,25.059385689623973,49.45122108357178,49,60,64,64
7,9,OV,768,768,62.64148740715266,26.146461120058643,53.58084322833062,53,63,64,64
7,10,Q,768,64,63.51702305954755,28.570183016271095,59.91146652058444,55,63,64,64
7,10,K,768,64,62.78235815259769,26.49066873236032,57.72235799135417,53,61,64,64
7,10,V,768,64,63.611586693808164,34.425126856731644,60.97072260626848,55,63,64,64
7,10,O,64,768,63.47129470597728,24.171687106620393,59.399768106136335,55,63,64,64
7,10,QK,768,768,62.23523897000421,23.467861730952233,53.66338583287371,51,61,64,64
7,10,OV,768,768,63.24282080742206,26.757487824985333,58.05015389951224,54,63,64,64
7,11,Q,768,64,63.32677704470336,33.592539162233386,59.105566890764514,54,63,64,64
7,11,K,768,64,63.21095356152383,36.79667822312601,58.96346620044815,54,62,64,64
7,11,V,768,64,62.90347222382769,28.170688516440936,56.089336873631524,53,63,64,64
7,11,O,64,768,62.985911997502185,16.170708115626255,52.82258254338619,54,63,64,64
7,11,QK,768,768,62.121565824238914,28.690091108740496,52.489399237299445,51,62,64,64
7,11,OV,768,768,61.76690768973988,16.619396073595098,46.72215402411993,51,63,64,64
8,0,Q,768,64,62.54803765221307,28.44999515622386,56.29937341315369,52,61,64,64
8,0,K,768,64,62.1983581372949,24.63373425291666,55.38891585020132,51,60,64,64
8,0,V,768,64,63.24388287978742,32.1996598883475,58.25624724009003,54,63,64,64
8,0,O,64,768,61.706929036145176,6.256349713670659,26.605304873693434,53,63,64,64
8,0,QK,768,768,60.180925929409334,13.38562641711722,44.44122616873617,49,59,64,64
8,0,OV,768,768,60.35907635619995,5.419977816754534,21.30609784120825,50,62,64,64
8,1,Q,768,64,63.459883469523525,29.212442852027554,59.57081127878638,55,63,64,64
8,1,K,768,64,62.59077345630446,34.68726810992081,58.432320977588176,53,60,64,64
8,1,V,768,64,63.48305998978448,32.02710603006747,60.09040362818428,55,63,64,64
8,1,O,64,768,63.308206682415026,19.48735830682119,56.85289164920324,55,63,64,64
8,1,QK,768,768,61.805492764408754,26.08153688293877,52.45413540653029,51,60,64,64
8,1,OV,768,768,63.11658356160242,25.316179808957095,57.14645988803696,53,63,64,64
8,2,Q,768,64,62.27576911643082,22.443549160590077,52.076562045864605,52,62,64,64
8,2,K,768,64,61.552118877943435,16.954695508485784,49.236100728948166,50,61,64,64
8,2,V,768,64,61.70701986341316,18.753899067046156,47.80366538341948,51,61,64,64
8,2,O,64,768,62.633156616421736,18.701373317013708,51.75038735361774,53,63,64,64
8,2,QK,768,768,59.25672213409663,9.47839480019193,34.332756083351555,47,60,64,64
8,2,OV,768,768,57.78474038913841,9.213941778289819,27.187371118072157,44,61,64,64
8,3,Q,768,64,63.033335504741,26.462351811870455,57.192372485762675,54,62,64,64
8,3,K,768,64,62.867944974872316,27.79551283555349,57.270988901745326,53,62,64,64
8,3,V,768,64,62.98636740449543,33.899085506768444,57.11382026408444,53,63,64,64
8,3,O,64,768,63.08165927703244,27.990630880228398,57.03627216445173,53,63,64,64
8,3,QK,768,768,61.49627480474576,23.805528319580013,50.06043174967013,50,60,64,64
8,3,OV,768,768,61.70713809846422,21.189843295135503,48.98266462079537,50,62,64,64
8,4,Q,768,64,62.778927519629235,25.297398503176304,55.808175939063744,53,62,64,64
8,4,K,768,64,63.23521576056965,33.433934938361574,58.74119227564011,54,63,64,64
8,4,V,768,64,63.331458619299646,35.12300959201393,59.230159655438015,54,63,64,64
8,4,O,64,768,63.449117735394836,25.7768815676666,59.18350801672749,55,63,64,64
8,4,QK,768,768,61.41579564427615,20.189420473869106,49.338440032058486,50,60,64,64
8,4,OV,768,768,63.09772782608379,30.589260036739475,57.37106508336792,53,63,64,64
8,5,Q,768,64,62.42783366225626,22.65327489658074,52.79389686031587,52,62,64,64
8,5,K,768,64,63.08605745477922,26.09699303208665,56.440873767611535,54,63,64,64
8,5,V,768,64,62.76322705355824,25.192066342093845,54.60704512115294,53,63,64,64
8,5,O,64,768,63.14646389753422,20.977827419989623,56.006242272738724,54,63,64,64
8,5,QK,768,768,60.5552731564511,13.862233355934887,40.32287121864387,48,61,64,64
8,5,OV,768,768,61.56701139809041,18.90260946326479,45.70990614825447,51,63,64,64
8,6,Q,768,64,63.15907503776943,25.131673274873894,57.42512084652797,54,63,64,64
8,6,K,768,64,62.32592006214213,31.088961677222223,57.13743218264711,52,60,64,64
8,6,V,768,64,63.16449780880425,33.316483358319914,58.305039653351976,54,63,64,64
8,6,O,64,768,62.677864300633956,9.885495226555163,42.03404856439623,54,63,64,64
8,6,QK,768,768,61.13410443756329,25.022350976240993,51.265839267118594,50,60,64,64
8,6,OV,768,768,62.3708991770807,17.289709099257326,49.55374085839912,52,63,64,64
8,7,Q,768,64,62.614257059255344,20.592986627590253,52.74828162530765,53,62,64,64
8,7,K,768,64,63.35015570600385,32.749712897936256,58.97613913616177,54,63,64,64
8,7,V,768,64,63.00140907224407,28.488953453469826,56.907629447460266,53,63,64,64
8,7,O,64,768,62.80110201520208,11.034398975057076,45.26690834044598,54,63,64,64
8,7,QK,768,768,61.30960374315859,16.51013090994011,44.73201006947557,50,62,64,64
8,7,OV,768,768,62.229930191438235,21.46026242736454,50.447122611455214,52,63,64,64
8,8,Q,768,64,62.904741581352646,23.521828245974202,55.50616866443025,53,62,64,64
8,8,K,768,64,62.98243533376714,27.1873347450634,56.98669449499863,53,62,64,64
8,8,V,768,64,63.532601482517606,36.881573694466525,60.69334739656672,55,63,64,64
8,8,O,64,768,63.560323274589265,29.82148552384455,60.406245601101645,55,63,64,64
8,8,QK,768,768,61.387547876384076,19.820863797464305,47.252156639415496,50,61,64,64
8,8,OV,768,768,63.124066754299385,35.494452526316074,57.76343367665428,53,63,64,64
8,9,Q,768,64,63.03015557598257,24.196641528769526,56.18429149815295,54,63,64,64
8,9,K,768,64,62.598050496466456,29.62728693402273,56.80981887134854,52,61,64,64
8,9,V,768,64,63.21186912501137,36.475779356264475,58.420328818891306,54,63,64,64
8,9,O,64,768,63.47971626040135,28.81947514346856,59.6233610720224,55,63,64,64
8,9,QK,768,768,61.197609948748465,18.98535142219388,48.3473033945343,50,60,64,64
8,9,OV,768,768,62.42333206387744,26.627205086077687,52.88436154304098,52,63,64,64
8,10,Q,768,64,63.07057914290916,29.95490929465261,57.347472601082146,53,63,64,64
8,10,K,768,64,62.95579741737132,33.78303347570923,58.13953562028128,53,62,64,64
8,10,V,768,64,63.493660186769695,35.51934816041408,60.544458587940504,55,63,64,64
8,10,O,64,768,63.384134944017305,27.295093150794642,58.98506538271223,55,63,64,64
8,10,QK,768,768,61.706680479052785,26.14944926204273,52.10980377096293,50,60,64,64
8,10,OV,768,768,62.926233378993295,29.386807451459312,56.388986613529475,53,63,64,64
8,11,Q,768,64,63.08712368001689,30.358072826601074,57.5247731100186,54,62,64,64
8,11,K,768,64,62.97974035145443,30.872429889786023,57.54634543230948,53,62,64,64
8,11,V,768,64,63.253387374630165,41.411672199152775,59.279619125768505,54,63,64,64
8,11,O,64,768,63.52324549785867,39.9198186388658,60.414965116189215,55,63,64,64
8,11,QK,768,768,61.45090350957425,19.451236524492955,48.594737327851846,49,61,64,64
8,11,OV,768,768,62.54153163880117,32.17100531970367,54.45114590640818,52,62,64,64
9,0,Q,768,64,63.067051818477005,20.71343075399382,55.23081795642646,54,63,64,64
9,0,K,768,64,62.96789440443954,26.648354172337196,57.453586269941496,53,62,64,64
9,0,V,768,64,63.34257880182463,41.833140573197504,59.84065330816441,54,63,64,64
9,0,O,64,768,63.361095665602,19.472757159418133,56.919449564126595,55,63,64,64
9,0,QK,768,768,61.852930711668954,18.32886245512283,48.81557569111556,51,62,64,64
9,0,OV,768,768,62.78832440176117,27.476105873348473,55.50529181868961,52,63,64,64
9,1,Q,768,64,63.41971973704743,28.677701814269337,59.15853655802161,55,63,64,64
9,1,K,768,64,62.72052402054804,26.323198664851933,57.3924754717615,53,61,64,64
9,1,V,768,64,63.46470712014462,32.16472416007478,59.94600437614708,55,63,64,64
9,1,O,64,768,62.84888357710584,11.670802131189726,47.03819823154565,54,63,64,64
9,1,QK,768,768,61.97827307425036,21.382521334682764,52.53181888747024,51,61,64,64
9,1,OV,768,768,62.58519915391719,19.746227258741563,53.0106730152937,52,63,64,64
9,2,Q,768,64,62.89588502529956,19.947492207969205,54.00671141675839,54,63,64,64
9,2,K,768,64,62.90746661289233,26.24296627284336,56.558008718133486,53,62,64,64
9,2,V,768,64,63.30910697413364,42.27281418269297,60.089703815689504,54,62,64,64
9,2,O,64,768,63.540205537466555,29.819261228797945,60.1626275583326,55,63,64,64
9,2,QK,768,768,61.589538552874494,16.15478405706242,45.21426809838907,50,62,64,64
9,2,OV,768,768,62.739538867776446,34.01723150983399,56.257544457032495,52,62,64,64
9,3,Q,768,64,62.80836288318075,20.58700017822482,53.08999729015961,53,63,64,64
9,3,K,768,64,63.3573170825931,34.24443377282165,58.94590661392683,55,63,64,64
9,3,V,768,64,63.25122503799751,33.19163978106577,58.681309481138655,54,63,64,64
9,3,O,64,768,62.455550875580904,8.479388431605727,37.19025649431046,54,63,64,64
9,3,QK,768,768,61.95896747169306,14.38576510342794,45.780423350396696,51,63,64,64
9,3,OV,768,768,62.12845277767731,10.27520799613183,41.5953724884477,52,63,64,64
9,4,Q,768,64,63.30224429588402,27.80807648289617,58.399447971028984,54,63,64,64
9,4,K,768,64,62.80428271467159,32.946474274333404,58.18074962998155,53,61,64,64
9,4,V,768,64,62.915812548276044,31.39506792807289,56.63587270115474,53,63,64,64
9,4,O,64,768,63.16217487024958,20.028975511893297,55.83732713361488,54,63,64,64
9,4,QK,768,768,61.66084984194512,23.17769523190558,51.41739910280826,50,60,64,64
9,4,OV,768,768,61.43633119278895,19.768106843496305,46.60747885857949,50,62,64,64
9,5,Q,768,64,63.24921018267327,30.788472705511715,58.63175043380051,54,63,64,64
9,5,K,768,64,62.729049297887386,38.57281156217408,58.09923120533015,52,61,64,64
9,5,V,768,64,63.57812562739184,42.3831525880872,61.01617469104306,55,63,64,64
9,5,O,64,768,63.08963772663116,12.297502087846715,48.862591305371765,55,63,64,64
9,5,QK,768,768,61.62560103892899,26.459429563833773,53.352318268346835,50,60,64,64
9,5,OV,768,768,62.67350388972351,15.28540753175908,50.772580856123106,53,63,64,64
9,6,Q,768,64,63.50578613815208,30.634281901475564,60.0385160408742,55,63,64,64
9,6,K,768,64,62.89408463420466,30.95669011406433,58.465895620759774,53,61,64,64
9,6,V,768,64,63.56833620513815,44.552650059992914,61.1626755215965,55,63,64,64
9,6,O,64,768,63.52795256485042,25.269407846417128,59.71828311583386,55,63,64,64
9,6,QK,768,768,62.50884458680954,24.53043754014358,54.82160307661343,52,62,64,64
9,6,OV,768,768,62.9494097343528,35.62233055895513,57.40174104376473,52,62,64,64
9,7,Q,768,64,63.02903413959676,29.87931789979269,57.19635124142388,53,63,64,64
9,7,K,768,64,62.84886138588147,36.573741638613235,57.63298542838647,52,62,64,64
9,7,V,768,64,63.06287167076029,31.55422876295345,57.31194777703792,53,63,64,64
9,7,O,64,768,63.070602280185135,27.959984513395668,56.95340933357156,54,63,64,64
9,7,QK,768,768,61.43498143367081,24.225818047893526,50.66964163331544,49,60,64,64
9,7,OV,768,768,61.39529441379251,19.364112954500378,45.75050700509045,50,62,64,64
9,8,Q,768,64,62.89487539072427,18.315416168782214,53.383618861821674,54,63,64,64
9,8,K,768,64,62.759572638219296,23.859937331877777,54.7710579209075,52,63,64,64
9,8,V,768,64,63.04377888985153,29.373019473165293,57.14718330308574,53,63,64,64
9,8,O,64,768,62.70829742823752,15.036301305438105,50.82326054722586,53,63,64,64
9,8,QK,768,768,61.23806905306717,14.5200921745169,43.37509214649579,49,62,64,64
9,8,OV,768,768,60.97584943379647,18.45301614952389,44.91242393107253,48,62,64,64
9,9,Q,768,64,63.433911555922734,28.384462083706985,59.26744980337795,55,63,64,64
9,9,K,768,64,62.80059574933495,27.292287996303095,57.622564079240114,53,61,64,64
9,9,V,768,64,63.59333150058083,42.08382305583214,61.181962134275985,55,63,64,64
9,9,O,64,768,63.53712754344744,37.96261378170625,60.854818296267936,55,63,64,64
9,9,QK,768,768,62.18894243788701,22.83301885103105,52.271159655595824,51,61,64,64
9,9,OV,768,768,63.00881818281724,38.01623832587849,57.67660060200008,53,63,64,64
9,10,Q,768,64,62.95775092365094,25.271625009926076,55.6512896827563,53,63,64,64
9,10,K,768,64,63.38414835068324,33.123653855757496,59.22360779796036,54,63,64,64
9,10,V,768,64,63.27862205783473,35.572652366747036,59.036703809903884,54,63,64,64
9,10,O,64,768,63.396798528529935,18.99297343113907,56.99338887833232,55,63,64,64
9,10,QK,768,768,62.000799963300096,17.109163401873985,48.48515774692467,51,62,64,64
9,10,OV,768,768,62.978351917422344,24.841947643359475,56.153271544297134,53,63,64,64
9,11,Q,768,64,62.76508021692896,25.7023428929986,55.55424394424294,52,62,64,64
9,11,K,768,64,62.14051401997903,31.88163099853775,55.563274989843755,51,61,64,64
9,11,V,768,64,63.11079606065041,34.24691923402689,57.64205966383534,53,63,64,64
9,11,O,64,768,62.593366969849065,16.20681190877915,51.59048675970529,53,62,64,64
9,11,QK,768,768,60.19542534412617,18.546726799514495,44.670331285189484,48,60,64,64
9,11,OV,768,768,61.090004212468024,20.591105169330305,46.02659346723625,48,62,64,64
10,0,Q,768,64,63.031176401168324,22.26500929701513,55.67124814550923,54,63,64,64
10,0,K,768,64,62.967931824362,21.501048777842968,55.32615213839965,53,63,64,64
10,0,V,768,64,63.45234538983736,44.02812453610343,60.79838709386851,55,63,64,64
10,0,O,64,768,63.65862191884314,42.4628650863533,61.47471817788094,55,63,64,64
10,0,QK,768,768,62.13913543880126,15.701506892136013,47.91777004382567,52,63,64,64
10,0,OV,768,768,62.88925229211746,38.084186581178834,57.212989424350596,52,62,64,64
10,1,Q,768,64,63.339985390346726,29.019240636277978,58.72804268013521,54,63,64,64
10,1,K,768,64,62.611611900036145,18.26127982847354,54.06363285468735,52,61,64,64
10,1,V,768,64,63.49844424950148,31.40079689754231,59.918342399641716,55,63,64,64
10,1,O,64,768,63.421701194521276,27.50833906871641,59.7467607832336,54,63,64,64
10,1,QK,768,768,62.21001576002285,21.519539092616093,51.93722689109749,51,62,64,64
10,1,OV,768,768,63.17243565698658,34.95748068250353,58.108619669198276,53,63,64,64
10,2,Q,768,64,63.35204117586737,29.153557966954118,58.891536686387425,54,63,64,64
10,2,K,768,64,62.62995217940267,28.99860485465281,57.319476678389,52,61,64,64
10,2,V,768,64,63.44860750347467,38.060409208371155,60.078267934342996,54,63,64,64
10,2,O,64,768,63.368562547158845,26.662191387942634,59.21607329755223,54,63,64,64
10,2,QK,768,768,61.98638878321964,25.287596779068565,53.57955492859493,51,61,64,64
10,2,OV,768,768,62.7228803583734,30.889396876060204,55.518498850031776,52,63,64,64
10,3,Q,768,64,63.20450591628551,30.675582543841045,57.75637357314536,54,63,64,64
10,3,K,768,64,62.62496403292063,21.83115101894556,55.44940378693069,52,61,64,64
10,3,V,768,64,63.072107776879214,32.032844063094686,57.92406687245247,53,62,64,64
10,3,O,64,768,62.418006052898676,11.121701621024027,44.3135635646943,53,62,64,64
10,3,QK,768,768,61.91906083120925,24.305450411706005,51.72308880379358,51,61,64,64
10,3,OV,768,768,61.56534390607737,19.11675983031561,46.42913041598065,50,62,64,64
10,4,Q,768,64,63.005186328252734,27.733555435835896,56.62803229084768,53,63,64,64
10,4,K,768,64,62.792794073839765,28.95381496561691,57.090739696493564,52,62,64,64
10,4,V,768,64,63.23935531960737,34.288703318679794,58.41921077713223,54,63,64,64
10,4,O,64,768,60.75442369460865,4.426264246930547,16.340694333790204,52,63,64,64
10,4,QK,768,768,61.43613456844424,22.55624589783075,49.9080762233008,50,60,64,64
10,4,OV,768,768,60.01795898746492,4.918932174116744,18.621981365106496,49,62,64,64
10,5,Q,768,64,62.99520687953889,20.149099596570927,54.523297609780606,54,63,64,64
10,5,K,768,64,63.31308625829374,29.07919343190985,58.4710214004467,54,63,64,64
10,5,V,768,64,63.14100268906872,35.50701044396101,58.34281504020991,53,63,64,64
10,5,O,64,768,63.15045646721164,18.903240187670775,55.716174187537234,54,63,64,64
10,5,QK,768,768,61.944546694412,14.168525486509743,45.67426147256538,51,63,64,64
10,5,OV,768,768,62.217582030753555,28.600896304952265,52.585209799536344,50,63,64,64
10,6,Q,768,64,63.266304806160136,26.335209008224886,57.95778573728177,54,63,64,64
10,6,K,768,64,62.778535398692185,21.462142877901538,55.58197289428552,53,62,64,64
10,6,V,768,64,63.51919966970796,35.41902983837803,60.66292607254357,55,63,64,64
10,6,O,64,768,63.55291421780542,34.57349297019994,60.68860452694782,55,63,64,64
10,6,QK,768,768,62.27750143691146,25.112067536108576,52.47802370644192,51,62,64,64
10,6,OV,768,768,63.129629480709006,35.876548002788596,57.891143205948076,53,63,64,64
10,7,Q,768,64,63.48525118314189,29.139011927188257,59.93035198791834,55,63,64,64
10,7,K,768,64,63.480713718360704,27.368188616592548,59.599667688551826,55,63,64,64
10,7,V,768,64,63.34060983017083,34.755824634248555,59.47751602141053,54,63,64,64
10,7,O,64,768,62.9387785767651,16.079930032642963,53.15854832982939,53,63,64,64
10,7,QK,768,768,63.10618271925845,28.6212141216605,57.438878239211995,54,63,64,64
10,7,OV,768,768,62.573368364336694,18.46306267045485,52.855502328742716,52,63,64,64
10,8,Q,768,64,63.22802428604611,27.889129989924275,57.77940233455589,54,63,64,64
10,8,K,768,64,63.01656058564405,30.16041010906772,57.607749443608455,53,62,64,64
10,8,V,768,64,63.209073546584165,33.17137855647662,58.404095972136716,53,63,64,64
10,8,O,64,768,61.663352380738395,6.2170536711366475,26.39911682278656,53,63,64,64
10,8,QK,768,768,62.448110254895724,24.902471381579765,53.40516598520024,52,62,64,64
10,8,OV,768,768,61.66958444831867,10.683138074828321,40.90068064151009,50,62,64,64
10,9,Q,768,64,62.87438289089443,23.896743554845436,54.335332497001296,54,63,64,64
10,9,K,768,64,63.233519993318254,30.63136383989899,57.82520345274018,54,63,64,64
10,9,V,768,64,63.04064249665838,27.402465324804325,56.33843288380044,54,63,64,64
10,9,O,64,768,62.84124562321845,16.539760663036777,51.78504178451422,54,63,64,64
10,9,QK,768,768,61.97371949367962,19.14301465538865,47.965707447089336,51,63,64,64
10,9,OV,768,768,61.05158711813009,13.08293543430569,39.17756094971883,50,63,64,64
10,10,Q,768,64,63.1522026825694,26.275105151359377,57.14278400185542,54,63,64,64
10,10,K,768,64,62.74287866015242,24.021191387320176,56.01472925228519,52,62,64,64
10,10,V,768,64,63.49290113296229,37.91418793680824,60.39189299928468,54,63,64,64
10,10,O,64,768,60.987763482611555,4.717803877863699,18.061979378792195,52,62,64,64
10,10,QK,768,768,61.61237861159859,12.262532239005278,43.28192311726981,50,62,64,64
10,10,OV,768,768,59.52858601873444,4.0049671285026545,13.747776884438549,48,62,64,64
10,11,Q,768,64,62.94839043804882,17.844443896607768,53.64527242658871,54,63,64,64
10,11,K,768,64,62.837957855561434,26.07164375921726,57.36806675675747,53,61,64,64
10,11,V,768,64,63.39037894882887,40.901167954436545,60.10243123585438,54,63,64,64
10,11,O,64,768,62.45144448468031,8.13920596356808,35.932411163969164,54,63,64,64
10,11,QK,768,768,61.353602616153225,13.153404122485178,44.82785797484562,50,61,64,64
10,11,OV,768,768,62.789189765512106,16.50750973155565,52.49583455119142,53,63,64,64
11,0,Q,768,64,62.414691045546455,16.77701932193054,51.48547914808358,52,62,64,64
11,0,K,768,64,62.78055482972637,30.56483578377842,56.72295031460181,52,62,64,64
11,0,V,768,64,62.519632897867446,24.142659262974668,53.016466115596515,52,63,64,64
11,0,O,64,768,48.31559274783292,2.260097803750134,4.525910645766329,31,58,64,64
11,0,QK,768,768,61.330063570413635,19.812187846612268,49.80381202138579,49,60,64,64
11,0,OV,768,768,50.95362629701225,2.0951258825646977,4.170279389449829,35,60,64,64
11,1,Q,768,64,63.1302702624604,26.60673504441833,57.03418617172186,54,63,64,64
11,1,K,768,64,62.94556196182117,27.379434544362375,56.87939391990591,53,62,64,64
11,1,V,768,64,63.50783708099544,38.67244863413653,60.469845454053605,55,63,64,64
11,1,O,64,768,62.316740308717876,10.00664306095415,41.83173597262618,53,62,64,64
11,1,QK,768,768,62.151506729378944,25.579526950378884,51.36912793551738,51,62,64,64
11,1,OV,768,768,62.26984390014753,17.628620632257313,50.852384747787966,51,62,64,64
11,2,Q,768,64,63.16227379147752,22.388251982342055,56.50764753438391,54,63,64,64
11,2,K,768,64,63.13677853234612,25.97375194323839,57.03142273071197,54,63,64,64
11,2,V,768,64,63.61726535825905,38.456383556731154,61.141870260237226,55,63,64,64
11,2,O,64,768,63.35828280775261,28.098924226638523,59.14894161013527,54,63,64,64
11,2,QK,768,768,62.22985583512852,20.298825855163038,49.76067977982481,52,63,64,64
11,2,OV,768,768,62.97533027642915,32.70167512062173,56.83629759241207,53,63,64,64
11,3,Q,768,64,63.00056524510003,19.100446015960323,54.20539574979839,54,63,64,64
11,3,K,768,64,63.290127656853365,27.96894627710823,58.3530976592142,54,63,64,64
11,3,V,768,64,63.54016774679769,43.62261848300969,60.99483064777663,54,63,64,64
11,3,O,64,768,63.37357151789379,17.555176417991618,55.893972942707464,55,63,64,64
11,3,QK,768,768,62.015416225714795,14.089254430700045,45.7326845073317,51,63,64,64
11,3,OV,768,768,62.94418793903565,26.119364767903527,56.26672718453448,53,63,64,64
11,4,Q,768,64,62.74928336079492,20.65037653246162,53.080875283494315,53,63,64,64
11,4,K,768,64,62.313945690994615,20.109394977703996,51.78394711311666,51,63,64,64
11,4,V,768,64,63.159380692989856,34.593448739585774,57.97237695390917,54,63,64,64
11,4,O,64,768,55.270467031298914,3.2276691895552685,8.063138899333483,44,61,64,64
11,4,QK,768,768,61.258111833098766,12.55436497947623,41.427384680024296,50,62,64,64
11,4,OV,768,768,55.79943120004905,2.9268117393030844,7.628911588403114,43,61,64,64
11,5,Q,768,64,63.03889054067631,22.20336891218792,55.67811249449156,54,63,64,64
11,5,K,768,64,62.775515784371144,18.815993688970117,53.68952839283565,53,63,64,64
11,5,V,768,64,63.39914359044396,34.508499830934475,59.82800423641974,54,63,64,64
11,5,O,64,768,62.18584514194048,8.444001451535174,36.316620170806495,53,63,64,64
11,5,QK,768,768,61.98328037311545,20.46840075907275,48.70850902235741,51,63,64,64
11,5,OV,768,768,62.541972663686416,17.830654956246768,51.75530237592749,52,63,64,64
11,6,Q,768,64,63.050915527819946,23.166391951964037,55.9953499850731,53,63,64,64
11,6,K,768,64,62.79149866762001,26.198018440870932,54.92865562912555,53,63,64,64
11,6,V,768,64,63.60500721228186,40.91966327918324,61.18515281051858,55,63,64,64
11,6,O,64,768,63.41777185960854,26.622388912815374,59.10887961515245,55,63,64,64
11,6,QK,768,768,61.92657430824647,19.903147816383644,47.15146691536658,51,63,64,64
11,6,OV,768,768,62.91840858443371,28.541173541778548,56.55211037460738,53,63,64,64
11,7,Q,768,64,63.05795151397001,25.35676800072728,56.31989201905041,54,63,64,64
11,7,K,768,64,62.847338543516315,22.73566066037863,55.452274193866955,53,62,64,64
11,7,V,768,64,63.372921893710206,34.59931980862341,59.45447873042552,54,63,64,64
11,7,O,64,768,62.71844051484775,14.562315079499392,50.05204069495784,53,63,64,64
11,7,QK,768,768,62.07876863000941,22.870195943628786,50.449430426724234,51,62,64,64
11,7,OV,768,768,62.43108811145253,22.44595994495895,52.50409530869468,52,63,64,64
11,8,Q,768,64,62.487434622280446,19.29265748536394,53.12450896593483,52,61,64,64
11,8,K,768,64,62.824596814856356,14.356841298093219,50.27981798260342,54,63,64,64
11,8,V,768,64,61.46692157597183,7.722052467443449,32.05132234017027,51,63,64,64
11,8,O,64,768,39.46305469271089,1.4327445673087984,1.9808649648229422,10,56,64,64
11,8,QK,768,768,60.9554804433421,11.15445509088207,39.32195502997768,50,61,64,64
11,8,OV,768,768,18.7979885294354,1.0487589473727361,1.0994738399012598,1,20,64,64
11,9,Q,768,64,62.970103542233545,22.418253545855954,55.430102872422005,53,63,64,64
11,9,K,768,64,62.80330748650987,19.993481065566414,54.44243782993679,53,62,64,64
11,9,V,768,64,63.51863341653685,35.36619290094694,60.477384128965234,55,63,64,64
11,9,O,64,768,62.748215319831196,11.496644385569086,46.336588098510894,54,63,64,64
11,9,QK,768,768,62.02973142769621,21.307123269118662,49.94934829712925,51,63,64,64
11,9,OV,768,768,62.97269881938031,23.68872749544417,56.102211549497675,53,63,64,64
11,10,Q,768,64,63.18103685813504,24.379331609905588,57.17536750475114,54,63,64,64
11,10,K,768,64,63.31401723651687,23.290737460178967,57.91592749298713,54,63,64,64
11,10,V,768,64,63.72423973569954,48.851436570763184,62.07168214815674,55,63,64,64
11,10,O,64,768,63.2657582405298,16.000480340614914,54.00384173584751,55,63,64,64
11,10,QK,768,768,62.71864257853615,24.353518258642048,54.914267649251556,52,62,64,64
11,10,OV,768,768,62.940016153621265,20.12054701038279,54.8810213994824,53,63,64,64
11,11,Q,768,64,62.878970111830455,23.675761635640498,54.48784180478633,53,63,64,64
11,11,K,768,64,63.21935000495958,28.538750561154114,57.66204097922226,54,63,64,64
11,11,V,768,64,63.23292398120198,17.916641766924478,55.49842253214285,55,63,64,64
11,11,O,64,768,59.719319967061104,5.796072727697257,17.436936688709373,51,63,64,64
11,11,QK,768,768,61.56799796289383,13.811975867546483,43.7044010716664,50,62,64,64
11,11,OV,768,768,56.19250152646072,2.5766017631125075,6.1120561671276095,46,62,64,64
